<?xml version="1.0" encoding="UTF-8"?>
<project-private xmlns="http://www.netbeans.org/ns/project-private/1">
    <editor-bookmarks xmlns="http://www.netbeans.org/ns/editor-bookmarks/2" lastBookmarkId="0"/>
    <open-files xmlns="http://www.netbeans.org/ns/projectui-open-files/2">
        <group>
            <file>file:/C:/Users/Josh/Documents/NetBeansProjects/SpaceInvaders/web/user.jsp</file>
            <file>file:/C:/Users/Josh/Documents/NetBeansProjects/SpaceInvaders/web/css/main.css</file>
            <file>file:/C:/Users/Josh/Documents/NetBeansProjects/SpaceInvaders/web/game.jsp</file>
            <file>file:/C:/Users/Josh/Documents/NetBeansProjects/SpaceInvaders/src/java/edu/pitt/is1017/spaceinvaders/ws_savescore.java</file>
            <file>file:/C:/Users/Josh/Documents/NetBeansProjects/SpaceInvaders/src/java/edu/pitt/is1017/spaceinvaders/LoginValidator.java</file>
            <file>file:/C:/Users/Josh/Documents/NetBeansProjects/SpaceInvaders/src/java/edu/pitt/is1017/spaceinvaders/User.java</file>
            <file>file:/C:/Users/Josh/Documents/NetBeansProjects/SpaceInvaders/src/java/edu/pitt/is1017/spaceinvaders/ws_readscores.java</file>
            <file>file:/C:/Users/Josh/Documents/NetBeansProjects/SpaceInvaders/src/java/edu/pitt/is1017/spaceinvaders/ScoreTracker.java</file>
        </group>
    </open-files>
</project-private>
